testE20_0,dataset_gecad_clean_laplace_day_sens_s_max_eps_20.0_clip_0.csv
testE20_1,dataset_gecad_clean_laplace_day_sens_s_max_eps_20.0_clip_1.csv
testE20_2,dataset_gecad_clean_laplace_day_sens_s_max_eps_20.0_clip_2.csv
testE20_3,dataset_gecad_clean_laplace_day_sens_s_max_eps_20.0_clip_3.csv
testE20_4,dataset_gecad_clean_laplace_day_sens_s_max_eps_20.0_clip_4.csv
testE20_5,dataset_gecad_clean_laplace_day_sens_s_max_eps_20.0_clip_5.csv
testE20_6,dataset_gecad_clean_laplace_day_sens_s_max_eps_20.0_clip_6.csv
testE20_7,dataset_gecad_clean_laplace_day_sens_s_max_eps_20.0_clip_7.csv
testE20_8,dataset_gecad_clean_laplace_day_sens_s_max_eps_20.0_clip_8.csv
testE20_9,dataset_gecad_clean_laplace_day_sens_s_max_eps_20.0_clip_9.csv
testE20_10,dataset_gecad_clean_laplace_day_sens_s_max_eps_20.0_clip_10.csv
testE20_11,dataset_gecad_clean_laplace_day_sens_s_max_eps_20.0_clip_11.csv
testE20_12,dataset_gecad_clean_laplace_day_sens_s_max_eps_20.0_clip_12.csv
testE20_13,dataset_gecad_clean_laplace_day_sens_s_max_eps_20.0_clip_13.csv
testE20_14,dataset_gecad_clean_laplace_day_sens_s_max_eps_20.0_clip_14.csv
testE20_15,dataset_gecad_clean_laplace_day_sens_s_max_eps_20.0_clip_15.csv
testE20_16,dataset_gecad_clean_laplace_day_sens_s_max_eps_20.0_clip_16.csv
testE20_17,dataset_gecad_clean_laplace_day_sens_s_max_eps_20.0_clip_17.csv
testE20_18,dataset_gecad_clean_laplace_day_sens_s_max_eps_20.0_clip_18.csv
testE20_19,dataset_gecad_clean_laplace_day_sens_s_max_eps_20.0_clip_19.csv
testE10_0,dataset_gecad_clean_laplace_day_sens_s_max_eps_10.0_clip_0.csv
testE10_1,dataset_gecad_clean_laplace_day_sens_s_max_eps_10.0_clip_1.csv
testE10_2,dataset_gecad_clean_laplace_day_sens_s_max_eps_10.0_clip_2.csv
testE10_3,dataset_gecad_clean_laplace_day_sens_s_max_eps_10.0_clip_3.csv
testE10_4,dataset_gecad_clean_laplace_day_sens_s_max_eps_10.0_clip_4.csv
testE10_5,dataset_gecad_clean_laplace_day_sens_s_max_eps_10.0_clip_5.csv
testE10_6,dataset_gecad_clean_laplace_day_sens_s_max_eps_10.0_clip_6.csv
testE10_7,dataset_gecad_clean_laplace_day_sens_s_max_eps_10.0_clip_7.csv
testE10_8,dataset_gecad_clean_laplace_day_sens_s_max_eps_10.0_clip_8.csv
testE10_9,dataset_gecad_clean_laplace_day_sens_s_max_eps_10.0_clip_9.csv
testE10_10,dataset_gecad_clean_laplace_day_sens_s_max_eps_10.0_clip_10.csv
testE10_11,dataset_gecad_clean_laplace_day_sens_s_max_eps_10.0_clip_11.csv
testE10_12,dataset_gecad_clean_laplace_day_sens_s_max_eps_10.0_clip_12.csv
testE10_13,dataset_gecad_clean_laplace_day_sens_s_max_eps_10.0_clip_13.csv
testE10_14,dataset_gecad_clean_laplace_day_sens_s_max_eps_10.0_clip_14.csv
testE10_15,dataset_gecad_clean_laplace_day_sens_s_max_eps_10.0_clip_15.csv
testE10_16,dataset_gecad_clean_laplace_day_sens_s_max_eps_10.0_clip_16.csv
testE10_17,dataset_gecad_clean_laplace_day_sens_s_max_eps_10.0_clip_17.csv
testE10_18,dataset_gecad_clean_laplace_day_sens_s_max_eps_10.0_clip_18.csv
testE10_19,dataset_gecad_clean_laplace_day_sens_s_max_eps_10.0_clip_19.csv
testE8_0,dataset_gecad_clean_laplace_day_sens_s_max_eps_8.0_clip_0.csv
testE8_1,dataset_gecad_clean_laplace_day_sens_s_max_eps_8.0_clip_1.csv
testE8_2,dataset_gecad_clean_laplace_day_sens_s_max_eps_8.0_clip_2.csv
testE8_3,dataset_gecad_clean_laplace_day_sens_s_max_eps_8.0_clip_3.csv
testE8_4,dataset_gecad_clean_laplace_day_sens_s_max_eps_8.0_clip_4.csv
testE8_5,dataset_gecad_clean_laplace_day_sens_s_max_eps_8.0_clip_5.csv
testE8_6,dataset_gecad_clean_laplace_day_sens_s_max_eps_8.0_clip_6.csv
testE8_7,dataset_gecad_clean_laplace_day_sens_s_max_eps_8.0_clip_7.csv
testE8_8,dataset_gecad_clean_laplace_day_sens_s_max_eps_8.0_clip_8.csv
testE8_9,dataset_gecad_clean_laplace_day_sens_s_max_eps_8.0_clip_9.csv
testE8_10,dataset_gecad_clean_laplace_day_sens_s_max_eps_8.0_clip_10.csv
testE8_11,dataset_gecad_clean_laplace_day_sens_s_max_eps_8.0_clip_11.csv
testE8_12,dataset_gecad_clean_laplace_day_sens_s_max_eps_8.0_clip_12.csv
testE8_13,dataset_gecad_clean_laplace_day_sens_s_max_eps_8.0_clip_13.csv
testE8_14,dataset_gecad_clean_laplace_day_sens_s_max_eps_8.0_clip_14.csv
testE8_15,dataset_gecad_clean_laplace_day_sens_s_max_eps_8.0_clip_15.csv
testE8_16,dataset_gecad_clean_laplace_day_sens_s_max_eps_8.0_clip_16.csv
testE8_17,dataset_gecad_clean_laplace_day_sens_s_max_eps_8.0_clip_17.csv
testE8_18,dataset_gecad_clean_laplace_day_sens_s_max_eps_8.0_clip_18.csv
testE8_19,dataset_gecad_clean_laplace_day_sens_s_max_eps_8.0_clip_19.csv
testE5_0,dataset_gecad_clean_laplace_day_sens_s_max_eps_5.0_clip_0.csv
testE5_1,dataset_gecad_clean_laplace_day_sens_s_max_eps_5.0_clip_1.csv
testE5_2,dataset_gecad_clean_laplace_day_sens_s_max_eps_5.0_clip_2.csv
testE5_3,dataset_gecad_clean_laplace_day_sens_s_max_eps_5.0_clip_3.csv
testE5_4,dataset_gecad_clean_laplace_day_sens_s_max_eps_5.0_clip_4.csv
testE5_5,dataset_gecad_clean_laplace_day_sens_s_max_eps_5.0_clip_5.csv
testE5_6,dataset_gecad_clean_laplace_day_sens_s_max_eps_5.0_clip_6.csv
testE5_7,dataset_gecad_clean_laplace_day_sens_s_max_eps_5.0_clip_7.csv
testE5_8,dataset_gecad_clean_laplace_day_sens_s_max_eps_5.0_clip_8.csv
testE5_9,dataset_gecad_clean_laplace_day_sens_s_max_eps_5.0_clip_9.csv
testE5_10,dataset_gecad_clean_laplace_day_sens_s_max_eps_5.0_clip_10.csv
testE5_11,dataset_gecad_clean_laplace_day_sens_s_max_eps_5.0_clip_11.csv
testE5_12,dataset_gecad_clean_laplace_day_sens_s_max_eps_5.0_clip_12.csv
testE5_13,dataset_gecad_clean_laplace_day_sens_s_max_eps_5.0_clip_13.csv
testE5_14,dataset_gecad_clean_laplace_day_sens_s_max_eps_5.0_clip_14.csv
testE5_15,dataset_gecad_clean_laplace_day_sens_s_max_eps_5.0_clip_15.csv
testE5_16,dataset_gecad_clean_laplace_day_sens_s_max_eps_5.0_clip_16.csv
testE5_17,dataset_gecad_clean_laplace_day_sens_s_max_eps_5.0_clip_17.csv
testE5_18,dataset_gecad_clean_laplace_day_sens_s_max_eps_5.0_clip_18.csv
testE5_19,dataset_gecad_clean_laplace_day_sens_s_max_eps_5.0_clip_19.csv
testE4_0,dataset_gecad_clean_laplace_day_sens_s_max_eps_4.0_clip_0.csv
testE4_1,dataset_gecad_clean_laplace_day_sens_s_max_eps_4.0_clip_1.csv
testE4_2,dataset_gecad_clean_laplace_day_sens_s_max_eps_4.0_clip_2.csv
testE4_3,dataset_gecad_clean_laplace_day_sens_s_max_eps_4.0_clip_3.csv
testE4_4,dataset_gecad_clean_laplace_day_sens_s_max_eps_4.0_clip_4.csv
testE4_5,dataset_gecad_clean_laplace_day_sens_s_max_eps_4.0_clip_5.csv
testE4_6,dataset_gecad_clean_laplace_day_sens_s_max_eps_4.0_clip_6.csv
testE4_7,dataset_gecad_clean_laplace_day_sens_s_max_eps_4.0_clip_7.csv
testE4_8,dataset_gecad_clean_laplace_day_sens_s_max_eps_4.0_clip_8.csv
testE4_9,dataset_gecad_clean_laplace_day_sens_s_max_eps_4.0_clip_9.csv
testE4_10,dataset_gecad_clean_laplace_day_sens_s_max_eps_4.0_clip_10.csv
testE4_11,dataset_gecad_clean_laplace_day_sens_s_max_eps_4.0_clip_11.csv
testE4_12,dataset_gecad_clean_laplace_day_sens_s_max_eps_4.0_clip_12.csv
testE4_13,dataset_gecad_clean_laplace_day_sens_s_max_eps_4.0_clip_13.csv
testE4_14,dataset_gecad_clean_laplace_day_sens_s_max_eps_4.0_clip_14.csv
testE4_15,dataset_gecad_clean_laplace_day_sens_s_max_eps_4.0_clip_15.csv
testE4_16,dataset_gecad_clean_laplace_day_sens_s_max_eps_4.0_clip_16.csv
testE4_17,dataset_gecad_clean_laplace_day_sens_s_max_eps_4.0_clip_17.csv
testE4_18,dataset_gecad_clean_laplace_day_sens_s_max_eps_4.0_clip_18.csv
testE4_19,dataset_gecad_clean_laplace_day_sens_s_max_eps_4.0_clip_19.csv
testE3_0,dataset_gecad_clean_laplace_day_sens_s_max_eps_3.0_clip_0.csv
testE3_1,dataset_gecad_clean_laplace_day_sens_s_max_eps_3.0_clip_1.csv
testE3_2,dataset_gecad_clean_laplace_day_sens_s_max_eps_3.0_clip_2.csv
testE3_3,dataset_gecad_clean_laplace_day_sens_s_max_eps_3.0_clip_3.csv
testE3_4,dataset_gecad_clean_laplace_day_sens_s_max_eps_3.0_clip_4.csv
testE3_5,dataset_gecad_clean_laplace_day_sens_s_max_eps_3.0_clip_5.csv
testE3_6,dataset_gecad_clean_laplace_day_sens_s_max_eps_3.0_clip_6.csv
testE3_7,dataset_gecad_clean_laplace_day_sens_s_max_eps_3.0_clip_7.csv
testE3_8,dataset_gecad_clean_laplace_day_sens_s_max_eps_3.0_clip_8.csv
testE3_9,dataset_gecad_clean_laplace_day_sens_s_max_eps_3.0_clip_9.csv
testE3_10,dataset_gecad_clean_laplace_day_sens_s_max_eps_3.0_clip_10.csv
testE3_11,dataset_gecad_clean_laplace_day_sens_s_max_eps_3.0_clip_11.csv
testE3_12,dataset_gecad_clean_laplace_day_sens_s_max_eps_3.0_clip_12.csv
testE3_13,dataset_gecad_clean_laplace_day_sens_s_max_eps_3.0_clip_13.csv
testE3_14,dataset_gecad_clean_laplace_day_sens_s_max_eps_3.0_clip_14.csv
testE3_15,dataset_gecad_clean_laplace_day_sens_s_max_eps_3.0_clip_15.csv
testE3_16,dataset_gecad_clean_laplace_day_sens_s_max_eps_3.0_clip_16.csv
testE3_17,dataset_gecad_clean_laplace_day_sens_s_max_eps_3.0_clip_17.csv
testE3_18,dataset_gecad_clean_laplace_day_sens_s_max_eps_3.0_clip_18.csv
testE3_19,dataset_gecad_clean_laplace_day_sens_s_max_eps_3.0_clip_19.csv
testE2_0,dataset_gecad_clean_laplace_day_sens_s_max_eps_2.0_clip_0.csv
testE2_1,dataset_gecad_clean_laplace_day_sens_s_max_eps_2.0_clip_1.csv
testE2_2,dataset_gecad_clean_laplace_day_sens_s_max_eps_2.0_clip_2.csv
testE2_3,dataset_gecad_clean_laplace_day_sens_s_max_eps_2.0_clip_3.csv
testE2_4,dataset_gecad_clean_laplace_day_sens_s_max_eps_2.0_clip_4.csv
testE2_5,dataset_gecad_clean_laplace_day_sens_s_max_eps_2.0_clip_5.csv
testE2_6,dataset_gecad_clean_laplace_day_sens_s_max_eps_2.0_clip_6.csv
testE2_7,dataset_gecad_clean_laplace_day_sens_s_max_eps_2.0_clip_7.csv
testE2_8,dataset_gecad_clean_laplace_day_sens_s_max_eps_2.0_clip_8.csv
testE2_9,dataset_gecad_clean_laplace_day_sens_s_max_eps_2.0_clip_9.csv
testE2_10,dataset_gecad_clean_laplace_day_sens_s_max_eps_2.0_clip_10.csv
testE2_11,dataset_gecad_clean_laplace_day_sens_s_max_eps_2.0_clip_11.csv
testE2_12,dataset_gecad_clean_laplace_day_sens_s_max_eps_2.0_clip_12.csv
testE2_13,dataset_gecad_clean_laplace_day_sens_s_max_eps_2.0_clip_13.csv
testE2_14,dataset_gecad_clean_laplace_day_sens_s_max_eps_2.0_clip_14.csv
testE2_15,dataset_gecad_clean_laplace_day_sens_s_max_eps_2.0_clip_15.csv
testE2_16,dataset_gecad_clean_laplace_day_sens_s_max_eps_2.0_clip_16.csv
testE2_17,dataset_gecad_clean_laplace_day_sens_s_max_eps_2.0_clip_17.csv
testE2_18,dataset_gecad_clean_laplace_day_sens_s_max_eps_2.0_clip_18.csv
testE2_19,dataset_gecad_clean_laplace_day_sens_s_max_eps_2.0_clip_19.csv
testE1_0,dataset_gecad_clean_laplace_day_sens_s_max_eps_1.0_clip_0.csv
testE1_1,dataset_gecad_clean_laplace_day_sens_s_max_eps_1.0_clip_1.csv
testE1_2,dataset_gecad_clean_laplace_day_sens_s_max_eps_1.0_clip_2.csv
testE1_3,dataset_gecad_clean_laplace_day_sens_s_max_eps_1.0_clip_3.csv
testE1_4,dataset_gecad_clean_laplace_day_sens_s_max_eps_1.0_clip_4.csv
testE1_5,dataset_gecad_clean_laplace_day_sens_s_max_eps_1.0_clip_5.csv
testE1_6,dataset_gecad_clean_laplace_day_sens_s_max_eps_1.0_clip_6.csv
testE1_7,dataset_gecad_clean_laplace_day_sens_s_max_eps_1.0_clip_7.csv
testE1_8,dataset_gecad_clean_laplace_day_sens_s_max_eps_1.0_clip_8.csv
testE1_9,dataset_gecad_clean_laplace_day_sens_s_max_eps_1.0_clip_9.csv
testE1_10,dataset_gecad_clean_laplace_day_sens_s_max_eps_1.0_clip_10.csv
testE1_11,dataset_gecad_clean_laplace_day_sens_s_max_eps_1.0_clip_11.csv
testE1_12,dataset_gecad_clean_laplace_day_sens_s_max_eps_1.0_clip_12.csv
testE1_13,dataset_gecad_clean_laplace_day_sens_s_max_eps_1.0_clip_13.csv
testE1_14,dataset_gecad_clean_laplace_day_sens_s_max_eps_1.0_clip_14.csv
testE1_15,dataset_gecad_clean_laplace_day_sens_s_max_eps_1.0_clip_15.csv
testE1_16,dataset_gecad_clean_laplace_day_sens_s_max_eps_1.0_clip_16.csv
testE1_17,dataset_gecad_clean_laplace_day_sens_s_max_eps_1.0_clip_17.csv
testE1_18,dataset_gecad_clean_laplace_day_sens_s_max_eps_1.0_clip_18.csv
testE1_19,dataset_gecad_clean_laplace_day_sens_s_max_eps_1.0_clip_19.csv
testE08_0,dataset_gecad_clean_laplace_day_sens_s_max_eps_0.8_clip_0.csv
testE08_1,dataset_gecad_clean_laplace_day_sens_s_max_eps_0.8_clip_1.csv
testE08_2,dataset_gecad_clean_laplace_day_sens_s_max_eps_0.8_clip_2.csv
testE08_3,dataset_gecad_clean_laplace_day_sens_s_max_eps_0.8_clip_3.csv
testE08_4,dataset_gecad_clean_laplace_day_sens_s_max_eps_0.8_clip_4.csv
testE08_5,dataset_gecad_clean_laplace_day_sens_s_max_eps_0.8_clip_5.csv
testE08_6,dataset_gecad_clean_laplace_day_sens_s_max_eps_0.8_clip_6.csv
testE08_7,dataset_gecad_clean_laplace_day_sens_s_max_eps_0.8_clip_7.csv
testE08_8,dataset_gecad_clean_laplace_day_sens_s_max_eps_0.8_clip_8.csv
testE08_9,dataset_gecad_clean_laplace_day_sens_s_max_eps_0.8_clip_9.csv
testE08_10,dataset_gecad_clean_laplace_day_sens_s_max_eps_0.8_clip_10.csv
testE08_11,dataset_gecad_clean_laplace_day_sens_s_max_eps_0.8_clip_11.csv
testE08_12,dataset_gecad_clean_laplace_day_sens_s_max_eps_0.8_clip_12.csv
testE08_13,dataset_gecad_clean_laplace_day_sens_s_max_eps_0.8_clip_13.csv
testE08_14,dataset_gecad_clean_laplace_day_sens_s_max_eps_0.8_clip_14.csv
testE08_15,dataset_gecad_clean_laplace_day_sens_s_max_eps_0.8_clip_15.csv
testE08_16,dataset_gecad_clean_laplace_day_sens_s_max_eps_0.8_clip_16.csv
testE08_17,dataset_gecad_clean_laplace_day_sens_s_max_eps_0.8_clip_17.csv
testE08_18,dataset_gecad_clean_laplace_day_sens_s_max_eps_0.8_clip_18.csv
testE08_19,dataset_gecad_clean_laplace_day_sens_s_max_eps_0.8_clip_19.csv
testE06_0,dataset_gecad_clean_laplace_day_sens_s_max_eps_0.6_clip_0.csv
testE06_1,dataset_gecad_clean_laplace_day_sens_s_max_eps_0.6_clip_1.csv
testE06_2,dataset_gecad_clean_laplace_day_sens_s_max_eps_0.6_clip_2.csv
testE06_3,dataset_gecad_clean_laplace_day_sens_s_max_eps_0.6_clip_3.csv
testE06_4,dataset_gecad_clean_laplace_day_sens_s_max_eps_0.6_clip_4.csv
testE06_5,dataset_gecad_clean_laplace_day_sens_s_max_eps_0.6_clip_5.csv
testE06_6,dataset_gecad_clean_laplace_day_sens_s_max_eps_0.6_clip_6.csv
testE06_7,dataset_gecad_clean_laplace_day_sens_s_max_eps_0.6_clip_7.csv
testE06_8,dataset_gecad_clean_laplace_day_sens_s_max_eps_0.6_clip_8.csv
testE06_9,dataset_gecad_clean_laplace_day_sens_s_max_eps_0.6_clip_9.csv
testE06_10,dataset_gecad_clean_laplace_day_sens_s_max_eps_0.6_clip_10.csv
testE06_11,dataset_gecad_clean_laplace_day_sens_s_max_eps_0.6_clip_11.csv
testE06_12,dataset_gecad_clean_laplace_day_sens_s_max_eps_0.6_clip_12.csv
testE06_13,dataset_gecad_clean_laplace_day_sens_s_max_eps_0.6_clip_13.csv
testE06_14,dataset_gecad_clean_laplace_day_sens_s_max_eps_0.6_clip_14.csv
testE06_15,dataset_gecad_clean_laplace_day_sens_s_max_eps_0.6_clip_15.csv
testE06_16,dataset_gecad_clean_laplace_day_sens_s_max_eps_0.6_clip_16.csv
testE06_17,dataset_gecad_clean_laplace_day_sens_s_max_eps_0.6_clip_17.csv
testE06_18,dataset_gecad_clean_laplace_day_sens_s_max_eps_0.6_clip_18.csv
testE06_19,dataset_gecad_clean_laplace_day_sens_s_max_eps_0.6_clip_19.csv
testE04_0,dataset_gecad_clean_laplace_day_sens_s_max_eps_0.4_clip_0.csv
testE04_1,dataset_gecad_clean_laplace_day_sens_s_max_eps_0.4_clip_1.csv
testE04_2,dataset_gecad_clean_laplace_day_sens_s_max_eps_0.4_clip_2.csv
testE04_3,dataset_gecad_clean_laplace_day_sens_s_max_eps_0.4_clip_3.csv
testE04_4,dataset_gecad_clean_laplace_day_sens_s_max_eps_0.4_clip_4.csv
testE04_5,dataset_gecad_clean_laplace_day_sens_s_max_eps_0.4_clip_5.csv
testE04_6,dataset_gecad_clean_laplace_day_sens_s_max_eps_0.4_clip_6.csv
testE04_7,dataset_gecad_clean_laplace_day_sens_s_max_eps_0.4_clip_7.csv
testE04_8,dataset_gecad_clean_laplace_day_sens_s_max_eps_0.4_clip_8.csv
testE04_9,dataset_gecad_clean_laplace_day_sens_s_max_eps_0.4_clip_9.csv
testE04_10,dataset_gecad_clean_laplace_day_sens_s_max_eps_0.4_clip_10.csv
testE04_11,dataset_gecad_clean_laplace_day_sens_s_max_eps_0.4_clip_11.csv
testE04_12,dataset_gecad_clean_laplace_day_sens_s_max_eps_0.4_clip_12.csv
testE04_13,dataset_gecad_clean_laplace_day_sens_s_max_eps_0.4_clip_13.csv
testE04_14,dataset_gecad_clean_laplace_day_sens_s_max_eps_0.4_clip_14.csv
testE04_15,dataset_gecad_clean_laplace_day_sens_s_max_eps_0.4_clip_15.csv
testE04_16,dataset_gecad_clean_laplace_day_sens_s_max_eps_0.4_clip_16.csv
testE04_17,dataset_gecad_clean_laplace_day_sens_s_max_eps_0.4_clip_17.csv
testE04_18,dataset_gecad_clean_laplace_day_sens_s_max_eps_0.4_clip_18.csv
testE04_19,dataset_gecad_clean_laplace_day_sens_s_max_eps_0.4_clip_19.csv
testE02_0,dataset_gecad_clean_laplace_day_sens_s_max_eps_0.2_clip_0.csv
testE02_1,dataset_gecad_clean_laplace_day_sens_s_max_eps_0.2_clip_1.csv
testE02_2,dataset_gecad_clean_laplace_day_sens_s_max_eps_0.2_clip_2.csv
testE02_3,dataset_gecad_clean_laplace_day_sens_s_max_eps_0.2_clip_3.csv
testE02_4,dataset_gecad_clean_laplace_day_sens_s_max_eps_0.2_clip_4.csv
testE02_5,dataset_gecad_clean_laplace_day_sens_s_max_eps_0.2_clip_5.csv
testE02_6,dataset_gecad_clean_laplace_day_sens_s_max_eps_0.2_clip_6.csv
testE02_7,dataset_gecad_clean_laplace_day_sens_s_max_eps_0.2_clip_7.csv
testE02_8,dataset_gecad_clean_laplace_day_sens_s_max_eps_0.2_clip_8.csv
testE02_9,dataset_gecad_clean_laplace_day_sens_s_max_eps_0.2_clip_9.csv
testE02_10,dataset_gecad_clean_laplace_day_sens_s_max_eps_0.2_clip_10.csv
testE02_11,dataset_gecad_clean_laplace_day_sens_s_max_eps_0.2_clip_11.csv
testE02_12,dataset_gecad_clean_laplace_day_sens_s_max_eps_0.2_clip_12.csv
testE02_13,dataset_gecad_clean_laplace_day_sens_s_max_eps_0.2_clip_13.csv
testE02_14,dataset_gecad_clean_laplace_day_sens_s_max_eps_0.2_clip_14.csv
testE02_15,dataset_gecad_clean_laplace_day_sens_s_max_eps_0.2_clip_15.csv
testE02_16,dataset_gecad_clean_laplace_day_sens_s_max_eps_0.2_clip_16.csv
testE02_17,dataset_gecad_clean_laplace_day_sens_s_max_eps_0.2_clip_17.csv
testE02_18,dataset_gecad_clean_laplace_day_sens_s_max_eps_0.2_clip_18.csv
testE02_19,dataset_gecad_clean_laplace_day_sens_s_max_eps_0.2_clip_19.csv
testE01_0,dataset_gecad_clean_laplace_day_sens_s_max_eps_0.1_clip_0.csv
testE01_1,dataset_gecad_clean_laplace_day_sens_s_max_eps_0.1_clip_1.csv
testE01_2,dataset_gecad_clean_laplace_day_sens_s_max_eps_0.1_clip_2.csv
testE01_3,dataset_gecad_clean_laplace_day_sens_s_max_eps_0.1_clip_3.csv
testE01_4,dataset_gecad_clean_laplace_day_sens_s_max_eps_0.1_clip_4.csv
testE01_5,dataset_gecad_clean_laplace_day_sens_s_max_eps_0.1_clip_5.csv
testE01_6,dataset_gecad_clean_laplace_day_sens_s_max_eps_0.1_clip_6.csv
testE01_7,dataset_gecad_clean_laplace_day_sens_s_max_eps_0.1_clip_7.csv
testE01_8,dataset_gecad_clean_laplace_day_sens_s_max_eps_0.1_clip_8.csv
testE01_9,dataset_gecad_clean_laplace_day_sens_s_max_eps_0.1_clip_9.csv
testE01_10,dataset_gecad_clean_laplace_day_sens_s_max_eps_0.1_clip_10.csv
testE01_11,dataset_gecad_clean_laplace_day_sens_s_max_eps_0.1_clip_11.csv
testE01_12,dataset_gecad_clean_laplace_day_sens_s_max_eps_0.1_clip_12.csv
testE01_13,dataset_gecad_clean_laplace_day_sens_s_max_eps_0.1_clip_13.csv
testE01_14,dataset_gecad_clean_laplace_day_sens_s_max_eps_0.1_clip_14.csv
testE01_15,dataset_gecad_clean_laplace_day_sens_s_max_eps_0.1_clip_15.csv
testE01_16,dataset_gecad_clean_laplace_day_sens_s_max_eps_0.1_clip_16.csv
testE01_17,dataset_gecad_clean_laplace_day_sens_s_max_eps_0.1_clip_17.csv
testE01_18,dataset_gecad_clean_laplace_day_sens_s_max_eps_0.1_clip_18.csv
testE01_19,dataset_gecad_clean_laplace_day_sens_s_max_eps_0.1_clip_19.csv
testE008_0,dataset_gecad_clean_laplace_day_sens_s_max_eps_0.08_clip_0.csv
testE008_1,dataset_gecad_clean_laplace_day_sens_s_max_eps_0.08_clip_1.csv
testE008_2,dataset_gecad_clean_laplace_day_sens_s_max_eps_0.08_clip_2.csv
testE008_3,dataset_gecad_clean_laplace_day_sens_s_max_eps_0.08_clip_3.csv
testE008_4,dataset_gecad_clean_laplace_day_sens_s_max_eps_0.08_clip_4.csv
testE008_5,dataset_gecad_clean_laplace_day_sens_s_max_eps_0.08_clip_5.csv
testE008_6,dataset_gecad_clean_laplace_day_sens_s_max_eps_0.08_clip_6.csv
testE008_7,dataset_gecad_clean_laplace_day_sens_s_max_eps_0.08_clip_7.csv
testE008_8,dataset_gecad_clean_laplace_day_sens_s_max_eps_0.08_clip_8.csv
testE008_9,dataset_gecad_clean_laplace_day_sens_s_max_eps_0.08_clip_9.csv
testE008_10,dataset_gecad_clean_laplace_day_sens_s_max_eps_0.08_clip_10.csv
testE008_11,dataset_gecad_clean_laplace_day_sens_s_max_eps_0.08_clip_11.csv
testE008_12,dataset_gecad_clean_laplace_day_sens_s_max_eps_0.08_clip_12.csv
testE008_13,dataset_gecad_clean_laplace_day_sens_s_max_eps_0.08_clip_13.csv
testE008_14,dataset_gecad_clean_laplace_day_sens_s_max_eps_0.08_clip_14.csv
testE008_15,dataset_gecad_clean_laplace_day_sens_s_max_eps_0.08_clip_15.csv
testE008_16,dataset_gecad_clean_laplace_day_sens_s_max_eps_0.08_clip_16.csv
testE008_17,dataset_gecad_clean_laplace_day_sens_s_max_eps_0.08_clip_17.csv
testE008_18,dataset_gecad_clean_laplace_day_sens_s_max_eps_0.08_clip_18.csv
testE008_19,dataset_gecad_clean_laplace_day_sens_s_max_eps_0.08_clip_19.csv
testE006_0,dataset_gecad_clean_laplace_day_sens_s_max_eps_0.06_clip_0.csv
testE006_1,dataset_gecad_clean_laplace_day_sens_s_max_eps_0.06_clip_1.csv
testE006_2,dataset_gecad_clean_laplace_day_sens_s_max_eps_0.06_clip_2.csv
testE006_3,dataset_gecad_clean_laplace_day_sens_s_max_eps_0.06_clip_3.csv
testE006_4,dataset_gecad_clean_laplace_day_sens_s_max_eps_0.06_clip_4.csv
testE006_5,dataset_gecad_clean_laplace_day_sens_s_max_eps_0.06_clip_5.csv
testE006_6,dataset_gecad_clean_laplace_day_sens_s_max_eps_0.06_clip_6.csv
testE006_7,dataset_gecad_clean_laplace_day_sens_s_max_eps_0.06_clip_7.csv
testE006_8,dataset_gecad_clean_laplace_day_sens_s_max_eps_0.06_clip_8.csv
testE006_9,dataset_gecad_clean_laplace_day_sens_s_max_eps_0.06_clip_9.csv
testE006_10,dataset_gecad_clean_laplace_day_sens_s_max_eps_0.06_clip_10.csv
testE006_11,dataset_gecad_clean_laplace_day_sens_s_max_eps_0.06_clip_11.csv
testE006_12,dataset_gecad_clean_laplace_day_sens_s_max_eps_0.06_clip_12.csv
testE006_13,dataset_gecad_clean_laplace_day_sens_s_max_eps_0.06_clip_13.csv
testE006_14,dataset_gecad_clean_laplace_day_sens_s_max_eps_0.06_clip_14.csv
testE006_15,dataset_gecad_clean_laplace_day_sens_s_max_eps_0.06_clip_15.csv
testE006_16,dataset_gecad_clean_laplace_day_sens_s_max_eps_0.06_clip_16.csv
testE006_17,dataset_gecad_clean_laplace_day_sens_s_max_eps_0.06_clip_17.csv
testE006_18,dataset_gecad_clean_laplace_day_sens_s_max_eps_0.06_clip_18.csv
testE006_19,dataset_gecad_clean_laplace_day_sens_s_max_eps_0.06_clip_19.csv
testE004_0,dataset_gecad_clean_laplace_day_sens_s_max_eps_0.04_clip_0.csv
testE004_1,dataset_gecad_clean_laplace_day_sens_s_max_eps_0.04_clip_1.csv
testE004_2,dataset_gecad_clean_laplace_day_sens_s_max_eps_0.04_clip_2.csv
testE004_3,dataset_gecad_clean_laplace_day_sens_s_max_eps_0.04_clip_3.csv
testE004_4,dataset_gecad_clean_laplace_day_sens_s_max_eps_0.04_clip_4.csv
testE004_5,dataset_gecad_clean_laplace_day_sens_s_max_eps_0.04_clip_5.csv
testE004_6,dataset_gecad_clean_laplace_day_sens_s_max_eps_0.04_clip_6.csv
testE004_7,dataset_gecad_clean_laplace_day_sens_s_max_eps_0.04_clip_7.csv
testE004_8,dataset_gecad_clean_laplace_day_sens_s_max_eps_0.04_clip_8.csv
testE004_9,dataset_gecad_clean_laplace_day_sens_s_max_eps_0.04_clip_9.csv
testE004_10,dataset_gecad_clean_laplace_day_sens_s_max_eps_0.04_clip_10.csv
testE004_11,dataset_gecad_clean_laplace_day_sens_s_max_eps_0.04_clip_11.csv
testE004_12,dataset_gecad_clean_laplace_day_sens_s_max_eps_0.04_clip_12.csv
testE004_13,dataset_gecad_clean_laplace_day_sens_s_max_eps_0.04_clip_13.csv
testE004_14,dataset_gecad_clean_laplace_day_sens_s_max_eps_0.04_clip_14.csv
testE004_15,dataset_gecad_clean_laplace_day_sens_s_max_eps_0.04_clip_15.csv
testE004_16,dataset_gecad_clean_laplace_day_sens_s_max_eps_0.04_clip_16.csv
testE004_17,dataset_gecad_clean_laplace_day_sens_s_max_eps_0.04_clip_17.csv
testE004_18,dataset_gecad_clean_laplace_day_sens_s_max_eps_0.04_clip_18.csv
testE004_19,dataset_gecad_clean_laplace_day_sens_s_max_eps_0.04_clip_19.csv
testE002_0,dataset_gecad_clean_laplace_day_sens_s_max_eps_0.02_clip_0.csv
testE002_1,dataset_gecad_clean_laplace_day_sens_s_max_eps_0.02_clip_1.csv
testE002_2,dataset_gecad_clean_laplace_day_sens_s_max_eps_0.02_clip_2.csv
testE002_3,dataset_gecad_clean_laplace_day_sens_s_max_eps_0.02_clip_3.csv
testE002_4,dataset_gecad_clean_laplace_day_sens_s_max_eps_0.02_clip_4.csv
testE002_5,dataset_gecad_clean_laplace_day_sens_s_max_eps_0.02_clip_5.csv
testE002_6,dataset_gecad_clean_laplace_day_sens_s_max_eps_0.02_clip_6.csv
testE002_7,dataset_gecad_clean_laplace_day_sens_s_max_eps_0.02_clip_7.csv
testE002_8,dataset_gecad_clean_laplace_day_sens_s_max_eps_0.02_clip_8.csv
testE002_9,dataset_gecad_clean_laplace_day_sens_s_max_eps_0.02_clip_9.csv
testE002_10,dataset_gecad_clean_laplace_day_sens_s_max_eps_0.02_clip_10.csv
testE002_11,dataset_gecad_clean_laplace_day_sens_s_max_eps_0.02_clip_11.csv
testE002_12,dataset_gecad_clean_laplace_day_sens_s_max_eps_0.02_clip_12.csv
testE002_13,dataset_gecad_clean_laplace_day_sens_s_max_eps_0.02_clip_13.csv
testE002_14,dataset_gecad_clean_laplace_day_sens_s_max_eps_0.02_clip_14.csv
testE002_15,dataset_gecad_clean_laplace_day_sens_s_max_eps_0.02_clip_15.csv
testE002_16,dataset_gecad_clean_laplace_day_sens_s_max_eps_0.02_clip_16.csv
testE002_17,dataset_gecad_clean_laplace_day_sens_s_max_eps_0.02_clip_17.csv
testE002_18,dataset_gecad_clean_laplace_day_sens_s_max_eps_0.02_clip_18.csv
testE002_19,dataset_gecad_clean_laplace_day_sens_s_max_eps_0.02_clip_19.csv
